{
  "bitcoin": 34049,
  "binancecoin": 228.07,
  "ethereum": 1791.04,
  "tether": 0.999881,
  "dogecoin": 0.066065,
  "babyshibainu": 0.00049425,
  "solana": 31.24,
  "ripple": 0.553338
}